case,iteration,wall_ms,prediction,expected
billing_64,1,67.36241600083304,billing,billing
billing_64,2,67.47449999966193,billing,billing
billing_64,3,66.55949999912991,billing,billing
billing_64,4,67.175332998886,billing,billing
billing_64,5,66.73658300132956,billing,billing
billing_64,6,66.34529100119835,billing,billing
billing_64,7,66.48120899990317,billing,billing
billing_64,8,66.46958299825201,billing,billing
billing_64,9,67.31191699873307,billing,billing
billing_64,10,74.59087500319583,billing,billing
billing_64,11,73.59487500070827,billing,billing
billing_64,12,75.77949999904376,billing,billing
billing_64,13,75.50516699848231,billing,billing
billing_64,14,122.3442080008681,billing,billing
billing_64,15,83.39312500174856,billing,billing
billing_64,16,70.05891600056202,billing,billing
billing_64,17,66.84470799882547,billing,billing
billing_64,18,66.30254199990304,billing,billing
billing_64,19,65.9261670007254,billing,billing
billing_64,20,66.13629200001014,billing,billing
billing_64,21,66.76433399843518,billing,billing
billing_64,22,66.18712500130641,billing,billing
billing_64,23,67.26599999819882,billing,billing
billing_64,24,72.45316600165097,billing,billing
billing_64,25,73.34620899928268,billing,billing
billing_64,26,67.69162499767845,billing,billing
billing_64,27,66.34225000016158,billing,billing
billing_64,28,66.11166700167814,billing,billing
billing_64,29,70.39520800026366,billing,billing
billing_64,30,66.46999999793479,billing,billing
technical_64,1,75.4924579996441,technical,technical
technical_64,2,75.9093330016185,technical,technical
technical_64,3,76.04245899710804,technical,technical
technical_64,4,77.21766699978616,technical,technical
technical_64,5,79.37104200027534,technical,technical
technical_64,6,84.52345900150249,technical,technical
technical_64,7,76.92308299738215,technical,technical
technical_64,8,76.36337500298396,technical,technical
technical_64,9,76.60820900127874,technical,technical
technical_64,10,77.5892500023474,technical,technical
technical_64,11,76.04500000161352,technical,technical
technical_64,12,75.83470899771783,technical,technical
technical_64,13,74.29095900079119,technical,technical
technical_64,14,75.96075000037672,technical,technical
technical_64,15,75.12812500135624,technical,technical
technical_64,16,75.85766700140084,technical,technical
technical_64,17,77.0451669995964,technical,technical
technical_64,18,76.70812500145985,technical,technical
technical_64,19,77.81362500099931,technical,technical
technical_64,20,75.80158400014625,technical,technical
technical_64,21,69.50399999914225,technical,technical
technical_64,22,66.59929200031911,technical,technical
technical_64,23,66.60879099945305,technical,technical
technical_64,24,66.8006250016333,technical,technical
technical_64,25,70.88199999998324,technical,technical
technical_64,26,73.38741700004903,technical,technical
technical_64,27,71.80716700167977,technical,technical
technical_64,28,66.87712500206544,technical,technical
technical_64,29,72.8244590027316,technical,technical
technical_64,30,68.39725000099861,technical,technical
other_64,1,86.68504200250027,technical,other
other_64,2,122.34004200217896,technical,other
other_64,3,139.74879200031864,technical,other
other_64,4,90.07358300004853,technical,other
other_64,5,86.55341700068675,technical,other
other_64,6,86.89637499992386,technical,other
other_64,7,86.55470899975626,technical,other
other_64,8,86.64291599779972,technical,other
other_64,9,87.37254100196878,technical,other
other_64,10,86.38724999764236,technical,other
other_64,11,86.06349999899976,technical,other
other_64,12,72.93924999976298,technical,other
other_64,13,72.44570900002145,technical,other
other_64,14,72.08337500196649,technical,other
other_64,15,74.40229100029683,technical,other
other_64,16,70.14170799811836,technical,other
other_64,17,67.5262910008314,technical,other
other_64,18,66.86270800128113,technical,other
other_64,19,70.97733300179243,technical,other
other_64,20,69.15537500026403,technical,other
other_64,21,71.1810829998285,technical,other
other_64,22,68.66945900037535,technical,other
other_64,23,67.12995800262433,technical,other
other_64,24,66.30754100115155,technical,other
other_64,25,66.73362500077928,technical,other
other_64,26,67.05883299946436,technical,other
other_64,27,65.37300000127289,technical,other
other_64,28,66.02966699938406,technical,other
other_64,29,67.42591700094636,technical,other
other_64,30,67.89912499880302,technical,other
billing_128,1,91.09670899852063,billing,billing
billing_128,2,99.60437499830732,billing,billing
billing_128,3,92.97399999923073,billing,billing
billing_128,4,92.02625000034459,billing,billing
billing_128,5,91.88358299797983,billing,billing
billing_128,6,89.75808400282403,billing,billing
billing_128,7,89.92566699816962,billing,billing
billing_128,8,99.80491700116545,billing,billing
billing_128,9,91.52016699954402,billing,billing
billing_128,10,90.9951670000737,billing,billing
billing_128,11,92.54062499894644,billing,billing
billing_128,12,92.09991600073408,billing,billing
billing_128,13,98.37712499938789,billing,billing
billing_128,14,98.40633400017396,billing,billing
billing_128,15,93.13562500028638,billing,billing
billing_128,16,95.11504200054333,billing,billing
billing_128,17,91.41470799659146,billing,billing
billing_128,18,91.9450000001234,billing,billing
billing_128,19,91.10012499877485,billing,billing
billing_128,20,99.75849999682396,billing,billing
billing_128,21,93.3617909977329,billing,billing
billing_128,22,91.13299999808078,billing,billing
billing_128,23,90.33912499944563,billing,billing
billing_128,24,88.78987500065705,billing,billing
billing_128,25,88.75212500061025,billing,billing
billing_128,26,88.93733299919404,billing,billing
billing_128,27,109.44424999979674,billing,billing
billing_128,28,111.99508299978334,billing,billing
billing_128,29,90.22745800029952,billing,billing
billing_128,30,90.41016600167495,billing,billing
technical_128,1,95.67283299838891,technical,technical
technical_128,2,93.52024999679998,technical,technical
technical_128,3,97.42254200318712,technical,technical
technical_128,4,94.30062499814085,technical,technical
technical_128,5,96.26095799831091,technical,technical
technical_128,6,95.5084999986866,technical,technical
technical_128,7,94.72841699971468,technical,technical
technical_128,8,90.49474999847007,technical,technical
technical_128,9,89.7732499979611,technical,technical
technical_128,10,90.7366669998737,technical,technical
technical_128,11,91.42291700118221,technical,technical
technical_128,12,89.85937499892316,technical,technical
technical_128,13,88.67004099738551,technical,technical
technical_128,14,89.33908299877658,technical,technical
technical_128,15,91.7111249982554,technical,technical
technical_128,16,99.42862499883631,technical,technical
technical_128,17,93.18166700177244,technical,technical
technical_128,18,90.72312499847612,technical,technical
technical_128,19,90.1015829986136,technical,technical
technical_128,20,87.8882920005708,technical,technical
technical_128,21,88.58220899855951,technical,technical
technical_128,22,88.20579199891654,technical,technical
technical_128,23,88.44254100040416,technical,technical
technical_128,24,88.07308299947181,technical,technical
technical_128,25,87.47329199832166,technical,technical
technical_128,26,88.76395799961756,technical,technical
technical_128,27,88.9023330018972,technical,technical
technical_128,28,99.48762500062003,technical,technical
technical_128,29,90.94537499913713,technical,technical
technical_128,30,90.23462499681045,technical,technical
other_128,1,88.09483399818419,other,other
other_128,2,87.60620899920468,other,other
other_128,3,88.33245799905853,other,other
other_128,4,87.20133399765473,other,other
other_128,5,87.52179200018873,other,other
other_128,6,87.77950000148849,other,other
other_128,7,87.2592080013419,other,other
other_128,8,87.22545799901127,other,other
other_128,9,87.44737499728217,other,other
other_128,10,87.42329199958476,other,other
other_128,11,87.79195800161688,other,other
other_128,12,87.10041599988472,other,other
other_128,13,87.56641700165346,other,other
other_128,14,92.69124999991618,other,other
other_128,15,88.27858400036348,other,other
other_128,16,88.14954199988279,other,other
other_128,17,88.21891700063134,other,other
other_128,18,92.4630410008831,other,other
other_128,19,88.02574999936041,other,other
other_128,20,87.98429200032842,other,other
other_128,21,87.69479100010358,other,other
other_128,22,88.32795799753512,other,other
other_128,23,88.80662500087055,other,other
other_128,24,106.03954200269072,other,other
other_128,25,119.47154199879151,other,other
other_128,26,126.91829200048232,other,other
other_128,27,115.7723750002333,other,other
other_128,28,106.08870800206205,other,other
other_128,29,105.20595900015905,other,other
other_128,30,103.050458998041,other,other
billing_256,1,141.19866599867237,billing,billing
billing_256,2,137.26479199976893,billing,billing
billing_256,3,142.73579200016684,billing,billing
billing_256,4,141.04208299977472,billing,billing
billing_256,5,140.97133399991435,billing,billing
billing_256,6,141.40274999954272,billing,billing
billing_256,7,139.24741700247978,billing,billing
billing_256,8,146.4512080019631,billing,billing
billing_256,9,159.14270899884286,billing,billing
billing_256,10,155.21108399843797,billing,billing
billing_256,11,152.8165829986392,billing,billing
billing_256,12,171.85512500145705,billing,billing
billing_256,13,137.6721250016999,billing,billing
billing_256,14,138.11320799868554,billing,billing
billing_256,15,138.33249999879627,billing,billing
billing_256,16,138.59041699834052,billing,billing
billing_256,17,144.13483399766847,billing,billing
billing_256,18,142.26804100326262,billing,billing
billing_256,19,154.43741700073588,billing,billing
billing_256,20,142.7609169986681,billing,billing
billing_256,21,138.27841699821874,billing,billing
billing_256,22,142.01933400181588,billing,billing
billing_256,23,141.70062500124914,billing,billing
billing_256,24,140.02966699990793,billing,billing
billing_256,25,136.49712500046007,billing,billing
billing_256,26,137.014874999295,billing,billing
billing_256,27,140.11783299793024,billing,billing
billing_256,28,142.0290419991943,billing,billing
billing_256,29,142.42354199814145,billing,billing
billing_256,30,151.3128750011674,billing,billing
technical_256,1,137.53237499986426,technical,technical
technical_256,2,139.90575000207173,technical,technical
technical_256,3,141.9280840018473,technical,technical
technical_256,4,142.03495800029486,technical,technical
technical_256,5,136.87470800141455,technical,technical
technical_256,6,134.85666600172408,technical,technical
technical_256,7,139.7819999983767,technical,technical
technical_256,8,139.76341700254125,technical,technical
technical_256,9,147.49233300244668,technical,technical
technical_256,10,141.8917090013565,technical,technical
technical_256,11,139.6432920009829,technical,technical
technical_256,12,138.86462500158814,technical,technical
technical_256,13,148.02933400278562,technical,technical
technical_256,14,137.63187500080676,technical,technical
technical_256,15,136.1756249971222,technical,technical
technical_256,16,141.60804099810775,technical,technical
technical_256,17,177.63529200237826,technical,technical
technical_256,18,158.3520829990448,technical,technical
technical_256,19,136.87625000238768,technical,technical
technical_256,20,137.4822090001544,technical,technical
technical_256,21,139.2416669987142,technical,technical
technical_256,22,138.04570800130023,technical,technical
technical_256,23,147.6529159990605,technical,technical
technical_256,24,139.52179199986858,technical,technical
technical_256,25,136.6709579997405,technical,technical
technical_256,26,137.21329200052423,technical,technical
technical_256,27,139.17841700094868,technical,technical
technical_256,28,143.0910409981152,technical,technical
technical_256,29,140.58058400041773,technical,technical
technical_256,30,137.8162910004903,technical,technical
other_256,1,136.5797910002584,billing,other
other_256,2,139.39837499856367,billing,other
other_256,3,137.2162500010745,billing,other
other_256,4,137.535542002297,billing,other
other_256,5,137.13354100036668,billing,other
other_256,6,145.4999579982541,billing,other
other_256,7,156.6342080004688,billing,other
other_256,8,166.58616600034293,billing,other
other_256,9,147.20512500207406,billing,other
other_256,10,136.4055419981014,billing,other
other_256,11,138.5373749981227,billing,other
other_256,12,136.55287499932456,billing,other
other_256,13,145.68004100146936,billing,other
other_256,14,153.70895799787831,billing,other
other_256,15,141.5033749981376,billing,other
other_256,16,141.07279100062442,billing,other
other_256,17,149.1007919976255,billing,other
other_256,18,143.33541599989985,billing,other
other_256,19,139.3081659989548,billing,other
other_256,20,139.64158299859264,billing,other
other_256,21,140.55262499823584,billing,other
other_256,22,142.60716599892476,billing,other
other_256,23,143.99691700236872,billing,other
other_256,24,141.8557500001043,billing,other
other_256,25,141.9282499991823,billing,other
other_256,26,141.73070800097776,billing,other
other_256,27,139.22208299845806,billing,other
other_256,28,138.65462499961723,billing,other
other_256,29,137.73125000079744,billing,other
other_256,30,139.86929200109444,billing,other
billing_512,1,258.2162500002596,technical,billing
billing_512,2,259.01854100084165,technical,billing
billing_512,3,255.75212500189082,technical,billing
billing_512,4,259.9546250021376,technical,billing
billing_512,5,262.14633299969137,technical,billing
billing_512,6,255.9227909987385,technical,billing
billing_512,7,259.4074169974192,technical,billing
billing_512,8,264.51854100014316,technical,billing
billing_512,9,265.13804199930746,technical,billing
billing_512,10,259.628583000449,technical,billing
billing_512,11,260.2134999979171,technical,billing
billing_512,12,264.6210000020801,technical,billing
billing_512,13,260.8736250003858,technical,billing
billing_512,14,260.4180409980472,technical,billing
billing_512,15,265.965958002198,technical,billing
billing_512,16,265.53216699903714,technical,billing
billing_512,17,264.9987090007926,technical,billing
billing_512,18,267.45862499956274,technical,billing
billing_512,19,290.4023329974734,technical,billing
billing_512,20,268.6964589993295,technical,billing
billing_512,21,275.28295799857005,technical,billing
billing_512,22,262.0277910027653,technical,billing
billing_512,23,263.0665419965226,technical,billing
billing_512,24,259.82845799808274,technical,billing
billing_512,25,269.9201670002367,technical,billing
billing_512,26,266.15912499983096,technical,billing
billing_512,27,258.6762089995318,technical,billing
billing_512,28,262.55125000170665,technical,billing
billing_512,29,259.9362500004645,technical,billing
billing_512,30,259.30208299905644,technical,billing
technical_512,1,258.90954199712723,technical,technical
technical_512,2,261.72779099943,technical,technical
technical_512,3,260.8090829999128,technical,technical
technical_512,4,262.5336659984896,technical,technical
technical_512,5,270.0656250017346,technical,technical
technical_512,6,263.8897079996241,technical,technical
technical_512,7,261.2269589990319,technical,technical
technical_512,8,259.871624999505,technical,technical
technical_512,9,261.3563340019027,technical,technical
technical_512,10,259.5492500004184,technical,technical
technical_512,11,260.98137500230223,technical,technical
technical_512,12,286.44645800159196,technical,technical
technical_512,13,284.68537499793456,technical,technical
technical_512,14,262.72920799965505,technical,technical
technical_512,15,265.66241700129467,technical,technical
technical_512,16,284.6559579993482,technical,technical
technical_512,17,327.20762499957345,technical,technical
technical_512,18,367.1790840016911,technical,technical
technical_512,19,319.71237499965355,technical,technical
technical_512,20,265.9527079995314,technical,technical
technical_512,21,266.48366599692963,technical,technical
technical_512,22,270.27991599970846,technical,technical
technical_512,23,269.16266699845437,technical,technical
technical_512,24,279.72154099916224,technical,technical
technical_512,25,265.64841700019315,technical,technical
technical_512,26,263.1807910001953,technical,technical
technical_512,27,268.8436250027735,technical,technical
technical_512,28,260.8411250002973,technical,technical
technical_512,29,267.47441599945887,technical,technical
technical_512,30,260.3207089996431,technical,technical
other_512,1,274.5533749985043,technical,other
other_512,2,262.781207999069,technical,other
other_512,3,267.21237499805284,technical,other
other_512,4,299.8579590021109,technical,other
other_512,5,285.6945409985201,technical,other
other_512,6,263.12379199953284,technical,other
other_512,7,308.2373329998518,technical,other
other_512,8,275.93837500171503,technical,other
other_512,9,266.50266599972383,technical,other
other_512,10,272.37562500158674,technical,other
other_512,11,293.06062499745167,technical,other
other_512,12,310.71966699892073,technical,other
other_512,13,274.45195900145336,technical,other
other_512,14,267.85020799798076,technical,other
other_512,15,268.15375000296626,technical,other
other_512,16,267.51033399705193,technical,other
other_512,17,327.7954170007433,technical,other
other_512,18,360.1031250000233,technical,other
other_512,19,269.33166700109723,technical,other
other_512,20,268.822916001227,technical,other
other_512,21,284.6639169983973,technical,other
other_512,22,268.36366600036854,technical,other
other_512,23,329.60383300087415,technical,other
other_512,24,876.1290000002191,technical,other
other_512,25,343.7280840007588,technical,other
other_512,26,275.74100000128965,technical,other
other_512,27,274.6031669994409,technical,other
other_512,28,282.99245900052483,technical,other
other_512,29,274.2345420010679,technical,other
other_512,30,283.6181669990765,technical,other
