name,class,direct_parameter_shapes
<model>,DecisionModel,{}
encoder,ModernBertModel,{}
encoder.embeddings,ModernBertEmbeddings,{}
encoder.embeddings.tok_embeddings,Embedding,"{""weight"": [256000, 768]}"
encoder.embeddings.norm,LayerNorm,"{""weight"": [768]}"
encoder.embeddings.drop,Dropout,{}
encoder.layers,ModuleList,{}
encoder.layers.0,ModernBertEncoderLayer,{}
encoder.layers.0.attn_norm,Identity,{}
encoder.layers.0.attn,ModernBertAttention,{}
encoder.layers.0.attn.Wqkv,Linear,"{""weight"": [2304, 768]}"
encoder.layers.0.attn.Wo,Linear,"{""weight"": [768, 768]}"
encoder.layers.0.attn.out_drop,Identity,{}
encoder.layers.0.mlp_norm,LayerNorm,"{""weight"": [768]}"
encoder.layers.0.mlp,ModernBertMLP,{}
encoder.layers.0.mlp.Wi,Linear,"{""weight"": [2304, 768]}"
encoder.layers.0.mlp.act,GELUActivation,{}
encoder.layers.0.mlp.drop,Dropout,{}
encoder.layers.0.mlp.Wo,Linear,"{""weight"": [768, 1152]}"
encoder.layers.1,ModernBertEncoderLayer,{}
encoder.layers.1.attn_norm,LayerNorm,"{""weight"": [768]}"
encoder.layers.1.attn,ModernBertAttention,{}
encoder.layers.1.attn.Wqkv,Linear,"{""weight"": [2304, 768]}"
encoder.layers.1.attn.Wo,Linear,"{""weight"": [768, 768]}"
encoder.layers.1.attn.out_drop,Identity,{}
encoder.layers.1.mlp_norm,LayerNorm,"{""weight"": [768]}"
encoder.layers.1.mlp,ModernBertMLP,{}
encoder.layers.1.mlp.Wi,Linear,"{""weight"": [2304, 768]}"
encoder.layers.1.mlp.act,GELUActivation,{}
encoder.layers.1.mlp.drop,Dropout,{}
encoder.layers.1.mlp.Wo,Linear,"{""weight"": [768, 1152]}"
encoder.layers.2,ModernBertEncoderLayer,{}
encoder.layers.2.attn_norm,LayerNorm,"{""weight"": [768]}"
encoder.layers.2.attn,ModernBertAttention,{}
encoder.layers.2.attn.Wqkv,Linear,"{""weight"": [2304, 768]}"
encoder.layers.2.attn.Wo,Linear,"{""weight"": [768, 768]}"
encoder.layers.2.attn.out_drop,Identity,{}
encoder.layers.2.mlp_norm,LayerNorm,"{""weight"": [768]}"
encoder.layers.2.mlp,ModernBertMLP,{}
encoder.layers.2.mlp.Wi,Linear,"{""weight"": [2304, 768]}"
encoder.layers.2.mlp.act,GELUActivation,{}
encoder.layers.2.mlp.drop,Dropout,{}
encoder.layers.2.mlp.Wo,Linear,"{""weight"": [768, 1152]}"
encoder.layers.3,ModernBertEncoderLayer,{}
encoder.layers.3.attn_norm,LayerNorm,"{""weight"": [768]}"
encoder.layers.3.attn,ModernBertAttention,{}
encoder.layers.3.attn.Wqkv,Linear,"{""weight"": [2304, 768]}"
encoder.layers.3.attn.Wo,Linear,"{""weight"": [768, 768]}"
encoder.layers.3.attn.out_drop,Identity,{}
encoder.layers.3.mlp_norm,LayerNorm,"{""weight"": [768]}"
encoder.layers.3.mlp,ModernBertMLP,{}
encoder.layers.3.mlp.Wi,Linear,"{""weight"": [2304, 768]}"
encoder.layers.3.mlp.act,GELUActivation,{}
encoder.layers.3.mlp.drop,Dropout,{}
encoder.layers.3.mlp.Wo,Linear,"{""weight"": [768, 1152]}"
encoder.layers.4,ModernBertEncoderLayer,{}
encoder.layers.4.attn_norm,LayerNorm,"{""weight"": [768]}"
encoder.layers.4.attn,ModernBertAttention,{}
encoder.layers.4.attn.Wqkv,Linear,"{""weight"": [2304, 768]}"
encoder.layers.4.attn.Wo,Linear,"{""weight"": [768, 768]}"
encoder.layers.4.attn.out_drop,Identity,{}
encoder.layers.4.mlp_norm,LayerNorm,"{""weight"": [768]}"
encoder.layers.4.mlp,ModernBertMLP,{}
encoder.layers.4.mlp.Wi,Linear,"{""weight"": [2304, 768]}"
encoder.layers.4.mlp.act,GELUActivation,{}
encoder.layers.4.mlp.drop,Dropout,{}
encoder.layers.4.mlp.Wo,Linear,"{""weight"": [768, 1152]}"
encoder.layers.5,ModernBertEncoderLayer,{}
encoder.layers.5.attn_norm,LayerNorm,"{""weight"": [768]}"
encoder.layers.5.attn,ModernBertAttention,{}
encoder.layers.5.attn.Wqkv,Linear,"{""weight"": [2304, 768]}"
encoder.layers.5.attn.Wo,Linear,"{""weight"": [768, 768]}"
encoder.layers.5.attn.out_drop,Identity,{}
encoder.layers.5.mlp_norm,LayerNorm,"{""weight"": [768]}"
encoder.layers.5.mlp,ModernBertMLP,{}
encoder.layers.5.mlp.Wi,Linear,"{""weight"": [2304, 768]}"
encoder.layers.5.mlp.act,GELUActivation,{}
encoder.layers.5.mlp.drop,Dropout,{}
encoder.layers.5.mlp.Wo,Linear,"{""weight"": [768, 1152]}"
encoder.layers.6,ModernBertEncoderLayer,{}
encoder.layers.6.attn_norm,LayerNorm,"{""weight"": [768]}"
encoder.layers.6.attn,ModernBertAttention,{}
encoder.layers.6.attn.Wqkv,Linear,"{""weight"": [2304, 768]}"
encoder.layers.6.attn.Wo,Linear,"{""weight"": [768, 768]}"
encoder.layers.6.attn.out_drop,Identity,{}
encoder.layers.6.mlp_norm,LayerNorm,"{""weight"": [768]}"
encoder.layers.6.mlp,ModernBertMLP,{}
encoder.layers.6.mlp.Wi,Linear,"{""weight"": [2304, 768]}"
encoder.layers.6.mlp.act,GELUActivation,{}
encoder.layers.6.mlp.drop,Dropout,{}
encoder.layers.6.mlp.Wo,Linear,"{""weight"": [768, 1152]}"
encoder.layers.7,ModernBertEncoderLayer,{}
encoder.layers.7.attn_norm,LayerNorm,"{""weight"": [768]}"
encoder.layers.7.attn,ModernBertAttention,{}
encoder.layers.7.attn.Wqkv,Linear,"{""weight"": [2304, 768]}"
encoder.layers.7.attn.Wo,Linear,"{""weight"": [768, 768]}"
encoder.layers.7.attn.out_drop,Identity,{}
encoder.layers.7.mlp_norm,LayerNorm,"{""weight"": [768]}"
encoder.layers.7.mlp,ModernBertMLP,{}
encoder.layers.7.mlp.Wi,Linear,"{""weight"": [2304, 768]}"
encoder.layers.7.mlp.act,GELUActivation,{}
encoder.layers.7.mlp.drop,Dropout,{}
encoder.layers.7.mlp.Wo,Linear,"{""weight"": [768, 1152]}"
encoder.layers.8,ModernBertEncoderLayer,{}
encoder.layers.8.attn_norm,LayerNorm,"{""weight"": [768]}"
encoder.layers.8.attn,ModernBertAttention,{}
encoder.layers.8.attn.Wqkv,Linear,"{""weight"": [2304, 768]}"
encoder.layers.8.attn.Wo,Linear,"{""weight"": [768, 768]}"
encoder.layers.8.attn.out_drop,Identity,{}
encoder.layers.8.mlp_norm,LayerNorm,"{""weight"": [768]}"
encoder.layers.8.mlp,ModernBertMLP,{}
encoder.layers.8.mlp.Wi,Linear,"{""weight"": [2304, 768]}"
encoder.layers.8.mlp.act,GELUActivation,{}
encoder.layers.8.mlp.drop,Dropout,{}
encoder.layers.8.mlp.Wo,Linear,"{""weight"": [768, 1152]}"
encoder.layers.9,ModernBertEncoderLayer,{}
encoder.layers.9.attn_norm,LayerNorm,"{""weight"": [768]}"
encoder.layers.9.attn,ModernBertAttention,{}
encoder.layers.9.attn.Wqkv,Linear,"{""weight"": [2304, 768]}"
encoder.layers.9.attn.Wo,Linear,"{""weight"": [768, 768]}"
encoder.layers.9.attn.out_drop,Identity,{}
encoder.layers.9.mlp_norm,LayerNorm,"{""weight"": [768]}"
encoder.layers.9.mlp,ModernBertMLP,{}
encoder.layers.9.mlp.Wi,Linear,"{""weight"": [2304, 768]}"
encoder.layers.9.mlp.act,GELUActivation,{}
encoder.layers.9.mlp.drop,Dropout,{}
encoder.layers.9.mlp.Wo,Linear,"{""weight"": [768, 1152]}"
encoder.layers.10,ModernBertEncoderLayer,{}
encoder.layers.10.attn_norm,LayerNorm,"{""weight"": [768]}"
encoder.layers.10.attn,ModernBertAttention,{}
encoder.layers.10.attn.Wqkv,Linear,"{""weight"": [2304, 768]}"
encoder.layers.10.attn.Wo,Linear,"{""weight"": [768, 768]}"
encoder.layers.10.attn.out_drop,Identity,{}
encoder.layers.10.mlp_norm,LayerNorm,"{""weight"": [768]}"
encoder.layers.10.mlp,ModernBertMLP,{}
encoder.layers.10.mlp.Wi,Linear,"{""weight"": [2304, 768]}"
encoder.layers.10.mlp.act,GELUActivation,{}
encoder.layers.10.mlp.drop,Dropout,{}
encoder.layers.10.mlp.Wo,Linear,"{""weight"": [768, 1152]}"
encoder.layers.11,ModernBertEncoderLayer,{}
encoder.layers.11.attn_norm,LayerNorm,"{""weight"": [768]}"
encoder.layers.11.attn,ModernBertAttention,{}
encoder.layers.11.attn.Wqkv,Linear,"{""weight"": [2304, 768]}"
encoder.layers.11.attn.Wo,Linear,"{""weight"": [768, 768]}"
encoder.layers.11.attn.out_drop,Identity,{}
encoder.layers.11.mlp_norm,LayerNorm,"{""weight"": [768]}"
encoder.layers.11.mlp,ModernBertMLP,{}
encoder.layers.11.mlp.Wi,Linear,"{""weight"": [2304, 768]}"
encoder.layers.11.mlp.act,GELUActivation,{}
encoder.layers.11.mlp.drop,Dropout,{}
encoder.layers.11.mlp.Wo,Linear,"{""weight"": [768, 1152]}"
encoder.layers.12,ModernBertEncoderLayer,{}
encoder.layers.12.attn_norm,LayerNorm,"{""weight"": [768]}"
encoder.layers.12.attn,ModernBertAttention,{}
encoder.layers.12.attn.Wqkv,Linear,"{""weight"": [2304, 768]}"
encoder.layers.12.attn.Wo,Linear,"{""weight"": [768, 768]}"
encoder.layers.12.attn.out_drop,Identity,{}
encoder.layers.12.mlp_norm,LayerNorm,"{""weight"": [768]}"
encoder.layers.12.mlp,ModernBertMLP,{}
encoder.layers.12.mlp.Wi,Linear,"{""weight"": [2304, 768]}"
encoder.layers.12.mlp.act,GELUActivation,{}
encoder.layers.12.mlp.drop,Dropout,{}
encoder.layers.12.mlp.Wo,Linear,"{""weight"": [768, 1152]}"
encoder.layers.13,ModernBertEncoderLayer,{}
encoder.layers.13.attn_norm,LayerNorm,"{""weight"": [768]}"
encoder.layers.13.attn,ModernBertAttention,{}
encoder.layers.13.attn.Wqkv,Linear,"{""weight"": [2304, 768]}"
encoder.layers.13.attn.Wo,Linear,"{""weight"": [768, 768]}"
encoder.layers.13.attn.out_drop,Identity,{}
encoder.layers.13.mlp_norm,LayerNorm,"{""weight"": [768]}"
encoder.layers.13.mlp,ModernBertMLP,{}
encoder.layers.13.mlp.Wi,Linear,"{""weight"": [2304, 768]}"
encoder.layers.13.mlp.act,GELUActivation,{}
encoder.layers.13.mlp.drop,Dropout,{}
encoder.layers.13.mlp.Wo,Linear,"{""weight"": [768, 1152]}"
encoder.layers.14,ModernBertEncoderLayer,{}
encoder.layers.14.attn_norm,LayerNorm,"{""weight"": [768]}"
encoder.layers.14.attn,ModernBertAttention,{}
encoder.layers.14.attn.Wqkv,Linear,"{""weight"": [2304, 768]}"
encoder.layers.14.attn.Wo,Linear,"{""weight"": [768, 768]}"
encoder.layers.14.attn.out_drop,Identity,{}
encoder.layers.14.mlp_norm,LayerNorm,"{""weight"": [768]}"
encoder.layers.14.mlp,ModernBertMLP,{}
encoder.layers.14.mlp.Wi,Linear,"{""weight"": [2304, 768]}"
encoder.layers.14.mlp.act,GELUActivation,{}
encoder.layers.14.mlp.drop,Dropout,{}
encoder.layers.14.mlp.Wo,Linear,"{""weight"": [768, 1152]}"
encoder.layers.15,ModernBertEncoderLayer,{}
encoder.layers.15.attn_norm,LayerNorm,"{""weight"": [768]}"
encoder.layers.15.attn,ModernBertAttention,{}
encoder.layers.15.attn.Wqkv,Linear,"{""weight"": [2304, 768]}"
encoder.layers.15.attn.Wo,Linear,"{""weight"": [768, 768]}"
encoder.layers.15.attn.out_drop,Identity,{}
encoder.layers.15.mlp_norm,LayerNorm,"{""weight"": [768]}"
encoder.layers.15.mlp,ModernBertMLP,{}
encoder.layers.15.mlp.Wi,Linear,"{""weight"": [2304, 768]}"
encoder.layers.15.mlp.act,GELUActivation,{}
encoder.layers.15.mlp.drop,Dropout,{}
encoder.layers.15.mlp.Wo,Linear,"{""weight"": [768, 1152]}"
encoder.layers.16,ModernBertEncoderLayer,{}
encoder.layers.16.attn_norm,LayerNorm,"{""weight"": [768]}"
encoder.layers.16.attn,ModernBertAttention,{}
encoder.layers.16.attn.Wqkv,Linear,"{""weight"": [2304, 768]}"
encoder.layers.16.attn.Wo,Linear,"{""weight"": [768, 768]}"
encoder.layers.16.attn.out_drop,Identity,{}
encoder.layers.16.mlp_norm,LayerNorm,"{""weight"": [768]}"
encoder.layers.16.mlp,ModernBertMLP,{}
encoder.layers.16.mlp.Wi,Linear,"{""weight"": [2304, 768]}"
encoder.layers.16.mlp.act,GELUActivation,{}
encoder.layers.16.mlp.drop,Dropout,{}
encoder.layers.16.mlp.Wo,Linear,"{""weight"": [768, 1152]}"
encoder.layers.17,ModernBertEncoderLayer,{}
encoder.layers.17.attn_norm,LayerNorm,"{""weight"": [768]}"
encoder.layers.17.attn,ModernBertAttention,{}
encoder.layers.17.attn.Wqkv,Linear,"{""weight"": [2304, 768]}"
encoder.layers.17.attn.Wo,Linear,"{""weight"": [768, 768]}"
encoder.layers.17.attn.out_drop,Identity,{}
encoder.layers.17.mlp_norm,LayerNorm,"{""weight"": [768]}"
encoder.layers.17.mlp,ModernBertMLP,{}
encoder.layers.17.mlp.Wi,Linear,"{""weight"": [2304, 768]}"
encoder.layers.17.mlp.act,GELUActivation,{}
encoder.layers.17.mlp.drop,Dropout,{}
encoder.layers.17.mlp.Wo,Linear,"{""weight"": [768, 1152]}"
encoder.layers.18,ModernBertEncoderLayer,{}
encoder.layers.18.attn_norm,LayerNorm,"{""weight"": [768]}"
encoder.layers.18.attn,ModernBertAttention,{}
encoder.layers.18.attn.Wqkv,Linear,"{""weight"": [2304, 768]}"
encoder.layers.18.attn.Wo,Linear,"{""weight"": [768, 768]}"
encoder.layers.18.attn.out_drop,Identity,{}
encoder.layers.18.mlp_norm,LayerNorm,"{""weight"": [768]}"
encoder.layers.18.mlp,ModernBertMLP,{}
encoder.layers.18.mlp.Wi,Linear,"{""weight"": [2304, 768]}"
encoder.layers.18.mlp.act,GELUActivation,{}
encoder.layers.18.mlp.drop,Dropout,{}
encoder.layers.18.mlp.Wo,Linear,"{""weight"": [768, 1152]}"
encoder.layers.19,ModernBertEncoderLayer,{}
encoder.layers.19.attn_norm,LayerNorm,"{""weight"": [768]}"
encoder.layers.19.attn,ModernBertAttention,{}
encoder.layers.19.attn.Wqkv,Linear,"{""weight"": [2304, 768]}"
encoder.layers.19.attn.Wo,Linear,"{""weight"": [768, 768]}"
encoder.layers.19.attn.out_drop,Identity,{}
encoder.layers.19.mlp_norm,LayerNorm,"{""weight"": [768]}"
encoder.layers.19.mlp,ModernBertMLP,{}
encoder.layers.19.mlp.Wi,Linear,"{""weight"": [2304, 768]}"
encoder.layers.19.mlp.act,GELUActivation,{}
encoder.layers.19.mlp.drop,Dropout,{}
encoder.layers.19.mlp.Wo,Linear,"{""weight"": [768, 1152]}"
encoder.layers.20,ModernBertEncoderLayer,{}
encoder.layers.20.attn_norm,LayerNorm,"{""weight"": [768]}"
encoder.layers.20.attn,ModernBertAttention,{}
encoder.layers.20.attn.Wqkv,Linear,"{""weight"": [2304, 768]}"
encoder.layers.20.attn.Wo,Linear,"{""weight"": [768, 768]}"
encoder.layers.20.attn.out_drop,Identity,{}
encoder.layers.20.mlp_norm,LayerNorm,"{""weight"": [768]}"
encoder.layers.20.mlp,ModernBertMLP,{}
encoder.layers.20.mlp.Wi,Linear,"{""weight"": [2304, 768]}"
encoder.layers.20.mlp.act,GELUActivation,{}
encoder.layers.20.mlp.drop,Dropout,{}
encoder.layers.20.mlp.Wo,Linear,"{""weight"": [768, 1152]}"
encoder.layers.21,ModernBertEncoderLayer,{}
encoder.layers.21.attn_norm,LayerNorm,"{""weight"": [768]}"
encoder.layers.21.attn,ModernBertAttention,{}
encoder.layers.21.attn.Wqkv,Linear,"{""weight"": [2304, 768]}"
encoder.layers.21.attn.Wo,Linear,"{""weight"": [768, 768]}"
encoder.layers.21.attn.out_drop,Identity,{}
encoder.layers.21.mlp_norm,LayerNorm,"{""weight"": [768]}"
encoder.layers.21.mlp,ModernBertMLP,{}
encoder.layers.21.mlp.Wi,Linear,"{""weight"": [2304, 768]}"
encoder.layers.21.mlp.act,GELUActivation,{}
encoder.layers.21.mlp.drop,Dropout,{}
encoder.layers.21.mlp.Wo,Linear,"{""weight"": [768, 1152]}"
encoder.final_norm,LayerNorm,"{""weight"": [768]}"
encoder.rotary_emb,ModernBertRotaryEmbedding,{}
head,TransformerEncoder,{}
head.layers,ModuleList,{}
head.layers.0,TransformerEncoderLayer,{}
head.layers.0.self_attn,_DynamicMultiheadAttention,"{""in_proj_weight"": [2304, 768], ""in_proj_bias"": [2304]}"
head.layers.0.self_attn.out_proj,NonDynamicallyQuantizableLinear,"{""weight"": [768, 768], ""bias"": [768]}"
head.layers.0.linear1,Linear,"{""weight"": [3072, 768], ""bias"": [3072]}"
head.layers.0.dropout,Dropout,{}
head.layers.0.linear2,Linear,"{""weight"": [768, 3072], ""bias"": [768]}"
head.layers.0.norm1,LayerNorm,"{""weight"": [768], ""bias"": [768]}"
head.layers.0.norm2,LayerNorm,"{""weight"": [768], ""bias"": [768]}"
head.layers.0.dropout1,Dropout,{}
head.layers.0.dropout2,Dropout,{}
head.layers.1,TransformerEncoderLayer,{}
head.layers.1.self_attn,_DynamicMultiheadAttention,"{""in_proj_weight"": [2304, 768], ""in_proj_bias"": [2304]}"
head.layers.1.self_attn.out_proj,NonDynamicallyQuantizableLinear,"{""weight"": [768, 768], ""bias"": [768]}"
head.layers.1.linear1,Linear,"{""weight"": [3072, 768], ""bias"": [3072]}"
head.layers.1.dropout,Dropout,{}
head.layers.1.linear2,Linear,"{""weight"": [768, 3072], ""bias"": [768]}"
head.layers.1.norm1,LayerNorm,"{""weight"": [768], ""bias"": [768]}"
head.layers.1.norm2,LayerNorm,"{""weight"": [768], ""bias"": [768]}"
head.layers.1.dropout1,Dropout,{}
head.layers.1.dropout2,Dropout,{}
type_emb,Embedding,"{""weight"": [3, 768]}"
scorer,Sequential,{}
scorer.0,LayerNorm,"{""weight"": [768], ""bias"": [768]}"
scorer.1,Linear,"{""weight"": [768, 768], ""bias"": [768]}"
scorer.2,GELU,{}
scorer.3,Linear,"{""weight"": [1, 768], ""bias"": [1]}"
act_head,Sequential,{}
act_head.0,Linear,"{""weight"": [256, 772], ""bias"": [256]}"
act_head.1,GELU,{}
act_head.2,Linear,"{""weight"": [2, 256], ""bias"": [2]}"
