case,module,kernel,passed,max_abs_error,rmse,atol,rtol
billing_64,encoder.layers.0.attn.Wqkv,torch_mm_export_sanity,True,0.0,0.0,0.0001,0.0001
billing_64,encoder.layers.0.mlp.Wi,torch_mm_export_sanity,True,0.0,0.0,0.0001,0.0001
billing_64,encoder.layers.11.attn.Wqkv,torch_mm_export_sanity,True,0.0,0.0,0.0001,0.0001
billing_64,encoder.layers.11.mlp.Wi,torch_mm_export_sanity,True,0.0,0.0,0.0001,0.0001
billing_64,encoder.layers.21.attn.Wqkv,torch_mm_export_sanity,True,0.0,0.0,0.0001,0.0001
billing_64,encoder.layers.21.mlp.Wi,torch_mm_export_sanity,True,0.0,0.0,0.0001,0.0001
technical_64,encoder.layers.0.attn.Wqkv,torch_mm_export_sanity,True,0.0,0.0,0.0001,0.0001
technical_64,encoder.layers.0.mlp.Wi,torch_mm_export_sanity,True,0.0,0.0,0.0001,0.0001
technical_64,encoder.layers.11.attn.Wqkv,torch_mm_export_sanity,True,0.0,0.0,0.0001,0.0001
technical_64,encoder.layers.11.mlp.Wi,torch_mm_export_sanity,True,0.0,0.0,0.0001,0.0001
technical_64,encoder.layers.21.attn.Wqkv,torch_mm_export_sanity,True,0.0,0.0,0.0001,0.0001
technical_64,encoder.layers.21.mlp.Wi,torch_mm_export_sanity,True,0.0,0.0,0.0001,0.0001
other_64,encoder.layers.0.attn.Wqkv,torch_mm_export_sanity,True,0.0,0.0,0.0001,0.0001
other_64,encoder.layers.0.mlp.Wi,torch_mm_export_sanity,True,0.0,0.0,0.0001,0.0001
other_64,encoder.layers.11.attn.Wqkv,torch_mm_export_sanity,True,0.0,0.0,0.0001,0.0001
other_64,encoder.layers.11.mlp.Wi,torch_mm_export_sanity,True,0.0,0.0,0.0001,0.0001
other_64,encoder.layers.21.attn.Wqkv,torch_mm_export_sanity,True,0.0,0.0,0.0001,0.0001
other_64,encoder.layers.21.mlp.Wi,torch_mm_export_sanity,True,0.0,0.0,0.0001,0.0001
billing_128,encoder.layers.0.attn.Wqkv,torch_mm_export_sanity,True,0.0,0.0,0.0001,0.0001
billing_128,encoder.layers.0.mlp.Wi,torch_mm_export_sanity,True,0.0,0.0,0.0001,0.0001
billing_128,encoder.layers.11.attn.Wqkv,torch_mm_export_sanity,True,0.0,0.0,0.0001,0.0001
billing_128,encoder.layers.11.mlp.Wi,torch_mm_export_sanity,True,0.0,0.0,0.0001,0.0001
billing_128,encoder.layers.21.attn.Wqkv,torch_mm_export_sanity,True,0.0,0.0,0.0001,0.0001
billing_128,encoder.layers.21.mlp.Wi,torch_mm_export_sanity,True,0.0,0.0,0.0001,0.0001
technical_128,encoder.layers.0.attn.Wqkv,torch_mm_export_sanity,True,0.0,0.0,0.0001,0.0001
technical_128,encoder.layers.0.mlp.Wi,torch_mm_export_sanity,True,0.0,0.0,0.0001,0.0001
technical_128,encoder.layers.11.attn.Wqkv,torch_mm_export_sanity,True,0.0,0.0,0.0001,0.0001
technical_128,encoder.layers.11.mlp.Wi,torch_mm_export_sanity,True,0.0,0.0,0.0001,0.0001
technical_128,encoder.layers.21.attn.Wqkv,torch_mm_export_sanity,True,0.0,0.0,0.0001,0.0001
technical_128,encoder.layers.21.mlp.Wi,torch_mm_export_sanity,True,0.0,0.0,0.0001,0.0001
other_128,encoder.layers.0.attn.Wqkv,torch_mm_export_sanity,True,0.0,0.0,0.0001,0.0001
other_128,encoder.layers.0.mlp.Wi,torch_mm_export_sanity,True,0.0,0.0,0.0001,0.0001
other_128,encoder.layers.11.attn.Wqkv,torch_mm_export_sanity,True,0.0,0.0,0.0001,0.0001
other_128,encoder.layers.11.mlp.Wi,torch_mm_export_sanity,True,0.0,0.0,0.0001,0.0001
other_128,encoder.layers.21.attn.Wqkv,torch_mm_export_sanity,True,0.0,0.0,0.0001,0.0001
other_128,encoder.layers.21.mlp.Wi,torch_mm_export_sanity,True,0.0,0.0,0.0001,0.0001
billing_256,encoder.layers.0.attn.Wqkv,torch_mm_export_sanity,True,0.0,0.0,0.0001,0.0001
billing_256,encoder.layers.0.mlp.Wi,torch_mm_export_sanity,True,0.0,0.0,0.0001,0.0001
billing_256,encoder.layers.11.attn.Wqkv,torch_mm_export_sanity,True,0.0,0.0,0.0001,0.0001
billing_256,encoder.layers.11.mlp.Wi,torch_mm_export_sanity,True,0.0,0.0,0.0001,0.0001
billing_256,encoder.layers.21.attn.Wqkv,torch_mm_export_sanity,True,0.0,0.0,0.0001,0.0001
billing_256,encoder.layers.21.mlp.Wi,torch_mm_export_sanity,True,0.0,0.0,0.0001,0.0001
technical_256,encoder.layers.0.attn.Wqkv,torch_mm_export_sanity,True,0.0,0.0,0.0001,0.0001
technical_256,encoder.layers.0.mlp.Wi,torch_mm_export_sanity,True,0.0,0.0,0.0001,0.0001
technical_256,encoder.layers.11.attn.Wqkv,torch_mm_export_sanity,True,0.0,0.0,0.0001,0.0001
technical_256,encoder.layers.11.mlp.Wi,torch_mm_export_sanity,True,0.0,0.0,0.0001,0.0001
technical_256,encoder.layers.21.attn.Wqkv,torch_mm_export_sanity,True,0.0,0.0,0.0001,0.0001
technical_256,encoder.layers.21.mlp.Wi,torch_mm_export_sanity,True,0.0,0.0,0.0001,0.0001
other_256,encoder.layers.0.attn.Wqkv,torch_mm_export_sanity,True,0.0,0.0,0.0001,0.0001
other_256,encoder.layers.0.mlp.Wi,torch_mm_export_sanity,True,0.0,0.0,0.0001,0.0001
other_256,encoder.layers.11.attn.Wqkv,torch_mm_export_sanity,True,0.0,0.0,0.0001,0.0001
other_256,encoder.layers.11.mlp.Wi,torch_mm_export_sanity,True,0.0,0.0,0.0001,0.0001
other_256,encoder.layers.21.attn.Wqkv,torch_mm_export_sanity,True,0.0,0.0,0.0001,0.0001
other_256,encoder.layers.21.mlp.Wi,torch_mm_export_sanity,True,0.0,0.0,0.0001,0.0001
billing_512,encoder.layers.0.attn.Wqkv,torch_mm_export_sanity,True,0.0,0.0,0.0001,0.0001
billing_512,encoder.layers.0.mlp.Wi,torch_mm_export_sanity,True,0.0,0.0,0.0001,0.0001
billing_512,encoder.layers.11.attn.Wqkv,torch_mm_export_sanity,True,0.0,0.0,0.0001,0.0001
billing_512,encoder.layers.11.mlp.Wi,torch_mm_export_sanity,True,0.0,0.0,0.0001,0.0001
billing_512,encoder.layers.21.attn.Wqkv,torch_mm_export_sanity,True,0.0,0.0,0.0001,0.0001
billing_512,encoder.layers.21.mlp.Wi,torch_mm_export_sanity,True,0.0,0.0,0.0001,0.0001
technical_512,encoder.layers.0.attn.Wqkv,torch_mm_export_sanity,True,0.0,0.0,0.0001,0.0001
technical_512,encoder.layers.0.mlp.Wi,torch_mm_export_sanity,True,0.0,0.0,0.0001,0.0001
technical_512,encoder.layers.11.attn.Wqkv,torch_mm_export_sanity,True,0.0,0.0,0.0001,0.0001
technical_512,encoder.layers.11.mlp.Wi,torch_mm_export_sanity,True,0.0,0.0,0.0001,0.0001
technical_512,encoder.layers.21.attn.Wqkv,torch_mm_export_sanity,True,0.0,0.0,0.0001,0.0001
technical_512,encoder.layers.21.mlp.Wi,torch_mm_export_sanity,True,0.0,0.0,0.0001,0.0001
other_512,encoder.layers.0.attn.Wqkv,torch_mm_export_sanity,True,0.0,0.0,0.0001,0.0001
other_512,encoder.layers.0.mlp.Wi,torch_mm_export_sanity,True,0.0,0.0,0.0001,0.0001
other_512,encoder.layers.11.attn.Wqkv,torch_mm_export_sanity,True,0.0,0.0,0.0001,0.0001
other_512,encoder.layers.11.mlp.Wi,torch_mm_export_sanity,True,0.0,0.0,0.0001,0.0001
other_512,encoder.layers.21.attn.Wqkv,torch_mm_export_sanity,True,0.0,0.0,0.0001,0.0001
other_512,encoder.layers.21.mlp.Wi,torch_mm_export_sanity,True,0.0,0.0,0.0001,0.0001
