session,module,calls,median_self_cpu_ms,p95_self_cpu_ms,max_self_cpu_ms
1,encoder.layers.0.attn.Wqkv,5,0.6447560000000231,0.7279999999999991,0.7279999999999991
1,encoder.layers.1.attn.Wqkv,5,0.6160479999999807,0.6397549999999992,0.6397549999999992
1,encoder.layers.2.attn.Wqkv,5,0.6070479999999516,0.6470890000000072,0.6470890000000072
1,encoder.layers.3.attn.Wqkv,5,0.6268809999999939,0.647711999999985,0.647711999999985
1,encoder.layers.4.attn.Wqkv,5,0.6023830000000017,0.6354210000000021,0.6354210000000021
1,encoder.layers.5.attn.Wqkv,5,0.6049230000000098,0.6854189999999654,0.6854189999999654
1,encoder.layers.6.attn.Wqkv,5,0.6064239999999845,0.6585040000000154,0.6585040000000154
1,encoder.layers.7.attn.Wqkv,5,0.5991739999999991,0.6162569999999978,0.6162569999999978
1,encoder.layers.8.attn.Wqkv,5,0.5915510000000359,0.604298999999999,0.604298999999999
1,encoder.layers.9.attn.Wqkv,5,0.590673999999999,0.5939660000000149,0.5939660000000149
1,encoder.layers.10.attn.Wqkv,5,0.6004250000000029,0.620714,0.620714
1,encoder.layers.11.attn.Wqkv,5,0.6032170000000042,1.6351569999999993,1.6351569999999993
1,encoder.layers.12.attn.Wqkv,5,0.5952570000000124,1.262471000000005,1.262471000000005
1,encoder.layers.13.attn.Wqkv,5,0.5982159999999858,0.9630699999999998,0.9630699999999998
1,encoder.layers.14.attn.Wqkv,5,0.5960910000000004,0.9419459999999672,0.9419459999999672
1,encoder.layers.15.attn.Wqkv,5,0.5977989999999991,0.9424049999999988,0.9424049999999988
1,encoder.layers.16.attn.Wqkv,5,0.5921329999999725,0.6830449999999982,0.6830449999999982
1,encoder.layers.17.attn.Wqkv,5,0.5981319999999832,0.6036749999999883,0.6036749999999883
1,encoder.layers.18.attn.Wqkv,5,0.5935479999999952,0.6054660000000149,0.6054660000000149
1,encoder.layers.19.attn.Wqkv,5,0.5940500000000466,0.5986749999999301,0.5986749999999301
1,encoder.layers.20.attn.Wqkv,5,0.5930080000000016,0.5947160000000731,0.5947160000000731
1,encoder.layers.21.attn.Wqkv,5,0.5949239999999408,0.7029180000000051,0.7029180000000051
2,encoder.layers.0.attn.Wqkv,5,0.6135900000000256,0.6992100000000064,0.6992100000000064
2,encoder.layers.1.attn.Wqkv,5,0.5903839999999618,0.6439640000000072,0.6439640000000072
2,encoder.layers.2.attn.Wqkv,5,0.5851759999999776,0.6977939999999944,0.6977939999999944
2,encoder.layers.3.attn.Wqkv,5,0.5882590000000201,0.6982539999999863,0.6982539999999863
2,encoder.layers.4.attn.Wqkv,5,0.5995489999999699,0.6375889999999926,0.6375889999999926
2,encoder.layers.5.attn.Wqkv,5,0.589426999999967,0.6623379999999888,0.6623379999999888
2,encoder.layers.6.attn.Wqkv,5,0.6107989999999991,0.6548379999999888,0.6548379999999888
2,encoder.layers.7.attn.Wqkv,5,0.6071329999999725,0.6431310000000084,0.6431310000000084
2,encoder.layers.8.attn.Wqkv,5,0.6273819999999832,0.6609620000000287,0.6609620000000287
2,encoder.layers.9.attn.Wqkv,5,0.6342559999999939,0.6797110000000103,0.6797110000000103
2,encoder.layers.10.attn.Wqkv,5,0.6087590000000782,0.6790019999999931,0.6790019999999931
2,encoder.layers.11.attn.Wqkv,5,0.6168830000000307,0.6985439999999944,0.6985439999999944
2,encoder.layers.12.attn.Wqkv,5,0.605091999999946,0.8238699999999953,0.8238699999999953
2,encoder.layers.13.attn.Wqkv,5,0.5916749999999884,0.9183650000000052,0.9183650000000052
2,encoder.layers.14.attn.Wqkv,5,0.5985490000000282,0.7626659999999974,0.7626659999999974
2,encoder.layers.15.attn.Wqkv,5,0.6285480000000098,0.6518379999999888,0.6518379999999888
2,encoder.layers.16.attn.Wqkv,5,0.5981330000000308,0.6852119999999995,0.6852119999999995
2,encoder.layers.17.attn.Wqkv,5,0.5974249999999883,0.6718369999999996,0.6718369999999996
2,encoder.layers.18.attn.Wqkv,5,0.6114239999999991,0.656963000000018,0.656963000000018
2,encoder.layers.19.attn.Wqkv,5,0.6137979999999806,0.6977520000000077,0.6977520000000077
2,encoder.layers.20.attn.Wqkv,5,0.5880089999999909,0.7010859999999957,0.7010859999999957
2,encoder.layers.21.attn.Wqkv,5,0.6111309999999357,0.7000019999999931,0.7000019999999931
3,encoder.layers.0.attn.Wqkv,5,0.6293390000000072,0.6491720000000205,0.6491720000000205
3,encoder.layers.1.attn.Wqkv,5,0.5960059999999939,0.5998400000000002,0.5998400000000002
3,encoder.layers.2.attn.Wqkv,5,0.5969650000000002,0.6032979999999952,0.6032979999999952
3,encoder.layers.3.attn.Wqkv,5,0.5893000000000466,0.6380879999999998,0.6380879999999998
3,encoder.layers.4.attn.Wqkv,5,0.6042570000000124,0.9582359999999899,0.9582359999999899
3,encoder.layers.5.attn.Wqkv,5,0.5879659999999567,0.9225300000000134,0.9225300000000134
3,encoder.layers.6.attn.Wqkv,5,0.5893830000000162,0.6812519999999785,0.6812519999999785
3,encoder.layers.7.attn.Wqkv,5,0.5954250000000174,0.6058809999999939,0.6058809999999939
3,encoder.layers.8.attn.Wqkv,5,0.5897160000000149,0.598132999999998,0.598132999999998
3,encoder.layers.9.attn.Wqkv,5,0.590048999999999,0.6040899999999674,0.6040899999999674
3,encoder.layers.10.attn.Wqkv,5,0.5890910000000004,0.606130999999994,0.606130999999994
3,encoder.layers.11.attn.Wqkv,5,0.602673999999999,0.6182980000000098,0.6182980000000098
3,encoder.layers.12.attn.Wqkv,5,0.5990910000000149,0.6330469999999987,0.6330469999999987
3,encoder.layers.13.attn.Wqkv,5,0.6012150000000838,0.6483380000000034,0.6483380000000034
3,encoder.layers.14.attn.Wqkv,5,0.5916330000000307,0.6182160000000003,0.6182160000000003
3,encoder.layers.15.attn.Wqkv,5,0.6117569999999978,0.6371719999999914,0.6371719999999914
3,encoder.layers.16.attn.Wqkv,5,0.5912980000000098,0.6226730000000025,0.6226730000000025
3,encoder.layers.17.attn.Wqkv,5,0.6008399999999965,0.6049660000000149,0.6049660000000149
3,encoder.layers.18.attn.Wqkv,5,0.6040900000000257,0.7980380000000005,0.7980380000000005
3,encoder.layers.19.attn.Wqkv,5,0.5918830000000307,0.6002150000000256,0.6002150000000256
3,encoder.layers.20.attn.Wqkv,5,0.5951330000000016,0.5973819999999832,0.5973819999999832
3,encoder.layers.21.attn.Wqkv,5,0.5906730000000098,0.5992150000000838,0.5992150000000838
