case,median_ms,p95_ms,min_ms,max_ms
billing_64,66.0466044973873,72.21554200077662,64.93695900280727,79.1958749978221
technical_64,66.07237499702023,76.28816599753918,65.13566699868534,79.26424999459414
other_64,66.05633350045537,90.2517920039827,65.02487500256393,94.02358299848856
billing_128,87.78297900062171,89.77237500221236,86.07262499572244,94.671582999581
technical_128,87.6500624945038,93.9473749967874,86.16379200248048,94.2436249970342
other_128,87.59545800057822,96.32433300430421,86.29537499655271,117.88079200050561
billing_256,135.9811250003986,153.44475000165403,133.55837499693735,153.55329199519474
technical_256,136.1256454983959,155.3899169957731,133.9109999971697,166.4080839982489
other_256,136.15883300371934,173.68854199594352,133.37429099919973,174.8303330023191
billing_512,256.3100414990913,272.42887500324287,251.98566699691582,294.4520829987596
technical_512,256.98075000036624,270.84512500005076,252.8067910025129,272.65429100225447
other_512,256.123145994934,260.48508399981074,252.06508300470887,275.1664589959546
