round,position,case,wall_ms,prediction
1,1,other_64,68.11970799753908,technical
1,2,other_64,66.43125000118744,technical
1,3,billing_64,72.21554200077662,billing
1,4,technical_512,258.4239999996498,technical
1,5,billing_512,258.2847910016426,technical
1,6,other_256,137.72037500166334,billing
1,7,other_256,137.40858399978606,billing
1,8,technical_64,66.86008300312096,technical
1,9,billing_512,257.8225420002127,technical
1,10,technical_512,255.98887499654666,technical
1,11,billing_64,66.00608299777377,billing
1,12,other_256,146.10095899843145,billing
1,13,other_512,260.48508399981074,technical
1,14,billing_128,87.99050000379793,billing
1,15,billing_256,153.55329199519474,billing
1,16,other_64,66.55791600496741,technical
1,17,technical_128,87.91966599528678,technical
1,18,billing_512,256.30770799762104,technical
1,19,other_128,88.15712500654627,other
1,20,other_512,256.3632499950472,technical
1,21,technical_64,66.47504200373078,technical
1,22,technical_128,93.9473749967874,technical
1,23,other_64,66.98820799647365,technical
1,24,other_256,135.7938329965691,billing
1,25,other_64,65.43962500290945,technical
1,26,other_64,65.45974999608006,technical
1,27,technical_512,255.29629200173076,technical
1,28,technical_512,255.63333299942315,technical
1,29,billing_512,256.3123750005616,technical
1,30,other_512,260.348707997764,technical
1,31,other_512,257.013750000624,technical
1,32,technical_256,135.88387499476084,technical
1,33,other_512,257.93595800496405,technical
1,34,billing_256,136.15533400297863,billing
1,35,billing_64,66.04116699600127,billing
1,36,technical_128,87.73529199970653,technical
1,37,billing_256,135.86929199664155,billing
1,38,billing_64,66.31524999829708,billing
1,39,billing_512,272.42887500324287,technical
1,40,other_256,142.6472909952281,billing
1,41,other_256,144.30258400534512,billing
1,42,billing_256,136.8474589980906,billing
1,43,technical_512,256.01574999745935,technical
1,44,technical_512,256.45695800631074,technical
1,45,technical_256,136.35137499659322,technical
1,46,other_256,136.72604099701857,billing
1,47,technical_64,66.38295800075866,technical
1,48,billing_128,87.82691699889256,billing
1,49,billing_256,136.58070800011046,billing
1,50,billing_256,135.9153330049594,billing
1,51,billing_128,87.7869579999242,billing
1,52,other_512,256.0751669952879,technical
1,53,other_128,88.27454099809984,other
1,54,other_512,256.26083400129573,technical
1,55,other_64,66.49599999946076,technical
1,56,billing_64,66.1146659986116,billing
1,57,other_128,87.52083300350932,other
1,58,billing_128,87.48995899804868,billing
1,59,billing_128,87.56437500414904,billing
1,60,technical_256,137.2180840044166,technical
1,61,other_256,173.68854199594352,billing
1,62,other_64,94.02358299848856,technical
1,63,billing_64,79.1958749978221,billing
1,64,other_128,96.32433300430421,other
1,65,other_128,88.60829100012779,other
1,66,technical_128,87.82766700460343,technical
1,67,technical_128,87.86512500228127,technical
1,68,billing_64,66.15720799891278,billing
1,69,billing_128,87.81720900151413,billing
1,70,technical_64,66.15154100290965,technical
1,71,other_128,87.68841699929908,other
1,72,billing_512,257.69370799389435,technical
1,73,billing_128,88.48416600085329,billing
1,74,billing_256,136.078916999395,billing
1,75,technical_512,258.7819589971332,technical
1,76,technical_64,65.99474999529775,technical
1,77,technical_128,87.21020799566759,technical
1,78,billing_64,65.83970799692906,billing
1,79,other_512,254.77791700541275,technical
1,80,technical_128,87.64049999444978,technical
1,81,technical_128,87.63312499650056,technical
1,82,technical_128,87.22254199528834,technical
1,83,billing_128,87.10058300493984,billing
1,84,other_128,87.04895900154952,other
1,85,other_64,65.77375000051688,technical
1,86,other_512,254.34495900117327,technical
1,87,technical_512,267.58508299826644,technical
1,88,other_256,174.8303330023191,billing
1,89,billing_64,70.14895899919793,billing
1,90,other_128,87.49058299872559,other
1,91,technical_64,65.94004200451309,technical
1,92,billing_128,87.02158399682958,billing
1,93,technical_64,65.84937499428634,technical
1,94,technical_64,65.52966700110119,technical
1,95,technical_256,134.42550000036135,technical
1,96,billing_64,65.58120800036704,billing
1,97,billing_128,86.80083299987018,billing
1,98,other_128,87.18520800175611,other
1,99,technical_256,135.27075000456534,technical
1,100,technical_512,254.9695419947966,technical
1,101,billing_512,254.56983299955027,technical
1,102,billing_256,134.87999999779277,billing
1,103,billing_512,255.88370799960103,technical
1,104,billing_512,254.8688340029912,technical
1,105,billing_512,254.9079580057878,technical
1,106,technical_256,137.73379100166494,technical
1,107,technical_256,135.15287500194972,technical
1,108,technical_512,262.97599999816157,technical
1,109,other_128,88.04370799771277,other
1,110,technical_256,134.8762089983211,technical
1,111,technical_256,134.79687499784632,technical
1,112,technical_256,134.98116599657806,technical
1,113,other_64,65.57999999495223,technical
1,114,technical_64,65.54312499793014,technical
1,115,other_512,253.8704590042471,technical
1,116,other_256,135.32316599594196,billing
1,117,billing_256,135.34033400355838,billing
1,118,billing_256,135.0783330053673,billing
1,119,technical_128,87.21395800239407,technical
1,120,technical_64,65.76333299744874,technical
2,1,other_256,140.15108299645362,billing
2,2,billing_512,254.5261249979376,technical
2,3,technical_128,87.04391699575353,technical
2,4,technical_512,272.65429100225447,technical
2,5,other_128,87.859582999954,other
2,6,other_256,136.50075000623474,billing
2,7,billing_64,66.44604099710705,billing
2,8,technical_64,68.99945899931481,technical
2,9,billing_256,136.4774999965448,billing
2,10,technical_64,66.74108400329715,technical
2,11,other_64,66.09112500154879,technical
2,12,billing_64,68.08866699429927,billing
2,13,other_256,141.75033399806125,billing
2,14,billing_512,259.41004200285533,technical
2,15,other_64,66.468334000092,technical
2,16,technical_128,87.70929199818056,technical
2,17,other_64,66.29529099882348,technical
2,18,technical_256,135.69516700226814,technical
2,19,other_64,66.21008300135145,technical
2,20,technical_256,136.3682079972932,technical
2,21,billing_128,88.00483400409576,billing
2,22,billing_512,257.22883300477406,technical
2,23,technical_512,255.92725000024075,technical
2,24,technical_64,67.41412500559818,technical
2,25,technical_256,135.85837499704212,technical
2,26,billing_128,87.92970899958163,billing
2,27,other_128,87.60558300127741,other
2,28,other_64,66.02154199936194,technical
2,29,other_64,66.22504199913237,technical
2,30,technical_256,136.25791700178524,technical
2,31,technical_128,87.87141700304346,technical
2,32,billing_64,66.05204199877335,billing
2,33,technical_512,255.62666699988768,technical
2,34,billing_128,87.77900000131922,billing
2,35,billing_64,66.1561660017469,billing
2,36,billing_512,256.00974999542814,technical
2,37,billing_256,143.26970800175332,billing
2,38,other_256,137.10216600156855,billing
2,39,billing_512,255.65233399538556,technical
2,40,billing_64,66.2698750020354,billing
2,41,other_512,255.83262500003912,technical
2,42,technical_128,87.60099999926751,technical
2,43,other_128,90.20570899883751,other
2,44,billing_256,136.4582079986576,billing
2,45,technical_512,270.84512500005076,technical
2,46,billing_512,256.1167089952505,technical
2,47,technical_256,136.18237499758834,technical
2,48,technical_128,87.55704200302716,technical
2,49,other_64,65.8612919942243,technical
2,50,technical_256,136.51245799701428,technical
2,51,other_256,135.3319170011673,billing
2,52,billing_128,87.61687500373228,billing
2,53,other_256,135.78304200200364,billing
2,54,billing_128,87.85929200530518,billing
2,55,other_512,255.7821669979603,technical
2,56,technical_512,256.3539589973516,technical
2,57,billing_128,94.671582999581,billing
2,58,technical_64,66.85333300265484,technical
2,59,billing_256,135.98320799792418,billing
2,60,billing_512,255.62991699553095,technical
2,61,billing_256,136.01208299951395,billing
2,62,other_512,256.17112499458017,technical
2,63,technical_128,87.91129200108116,technical
2,64,other_512,255.39129199751187,technical
2,65,technical_512,260.61283300077775,technical
2,66,technical_256,166.4080839982489,technical
2,67,technical_64,79.26424999459414,technical
2,68,technical_128,88.0667080054991,technical
2,69,other_512,275.1664589959546,technical
2,70,technical_256,136.1197500009439,technical
2,71,billing_64,66.2761660059914,billing
2,72,technical_64,65.95274999563117,technical
2,73,billing_128,87.62066700001014,billing
2,74,other_512,257.26850000501145,technical
2,75,technical_64,66.82458299474092,technical
2,76,billing_256,137.5250409982982,billing
2,77,technical_256,143.18445800017798,technical
2,78,other_256,135.41891599743394,billing
2,79,billing_64,65.65262499498203,billing
2,80,technical_64,65.77612499677343,technical
2,81,billing_64,65.92041700059781,billing
2,82,billing_512,258.6139170016395,technical
2,83,technical_64,76.28816599753918,technical
2,84,other_128,117.88079200050561,other
2,85,other_64,90.2517920039827,technical
2,86,technical_512,260.4772080012481,technical
2,87,technical_128,87.51258299889741,technical
2,88,technical_512,255.52495799638564,technical
2,89,billing_128,89.77237500221236,billing
2,90,other_256,135.73437499871943,billing
2,91,billing_64,65.55662499886239,billing
2,92,billing_256,135.97904200287303,billing
2,93,other_128,87.68133400008082,other
2,94,other_64,67.01608299772488,technical
2,95,other_128,86.85679100017296,other
2,96,other_512,255.42083300388185,technical
2,97,other_512,254.40645900380332,technical
2,98,billing_512,262.04370799678145,technical
2,99,other_512,255.0694579986157,technical
2,100,other_128,87.23195800121175,other
2,101,technical_64,65.5683750010212,technical
2,102,other_128,86.98945899959654,other
2,103,technical_128,86.80887499940582,technical
2,104,billing_128,87.18429200234823,billing
2,105,billing_64,65.629374999844,billing
2,106,other_256,134.96199999644887,billing
2,107,technical_256,135.762000005343,technical
2,108,other_128,87.58533299987903,other
2,109,technical_512,263.30412500101374,technical
2,110,billing_256,138.28558399836766,billing
2,111,technical_512,257.35791600163793,technical
2,112,billing_512,254.44412499928148,technical
2,113,billing_256,153.44475000165403,billing
2,114,other_128,87.98324999952456,other
2,115,billing_256,135.21233400388155,billing
2,116,other_256,134.77258299826644,billing
2,117,billing_128,87.2203749968321,billing
2,118,other_64,65.66300000122283,technical
2,119,other_512,259.40716700279154,technical
2,120,technical_128,94.2436249970342,technical
3,1,billing_64,72.0618750056019,billing
3,2,other_128,87.19729100266704,other
3,3,technical_128,87.13925000483869,technical
3,4,billing_128,86.83670900063589,billing
3,5,technical_64,65.54166600108147,technical
3,6,billing_256,135.20491700182902,billing
3,7,technical_512,258.05891700292705,technical
3,8,billing_128,88.27233299962245,billing
3,9,other_256,139.66229200013913,billing
3,10,other_512,257.9799169980106,technical
3,11,other_256,135.81691600120394,billing
3,12,billing_256,135.80862500384683,billing
3,13,technical_512,256.60358399909455,technical
3,14,technical_128,88.46016699681059,technical
3,15,other_512,256.7386670052656,technical
3,16,billing_512,256.4727089993539,technical
3,17,technical_256,136.1315409958479,technical
3,18,technical_128,89.86466700298479,technical
3,19,billing_128,87.91412499704165,billing
3,20,technical_256,136.63433399779024,technical
3,21,other_128,89.38145799766062,other
3,22,technical_512,264.5492499941611,technical
3,23,other_64,66.36799999978393,technical
3,24,other_512,256.0095000008005,technical
3,25,technical_512,256.26216599630425,technical
3,26,technical_256,145.7003750037984,technical
3,27,technical_256,155.3899169957731,technical
3,28,billing_128,88.08966699871235,billing
3,29,billing_256,135.7217090044287,billing
3,30,billing_128,87.8397499982384,billing
3,31,billing_64,67.48537499515805,billing
3,32,billing_512,256.31387500470737,technical
3,33,technical_512,257.4035419966094,technical
3,34,other_512,256.59566600370454,technical
3,35,technical_128,87.65962499455782,technical
3,36,technical_64,66.08229099947494,technical
3,37,other_128,92.91295799630461,other
3,38,technical_256,140.21787499950733,technical
3,39,technical_128,87.82791699923109,technical
3,40,billing_512,261.13387499935925,technical
3,41,other_256,138.44333300221479,billing
3,42,billing_64,66.65020900254603,billing
3,43,technical_64,66.25029199494747,technical
3,44,billing_512,257.04545799817424,technical
3,45,technical_256,135.90174999990268,technical
3,46,technical_128,90.25662500062026,technical
3,47,billing_256,137.47624999814434,billing
3,48,technical_512,258.08437499654246,technical
3,49,other_256,136.71195899951272,billing
3,50,technical_256,135.31308399979025,technical
3,51,billing_64,65.77129100332968,billing
3,52,technical_64,66.06245899456553,technical
3,53,technical_128,87.21108300233027,technical
3,54,other_128,86.77445799548877,other
3,55,other_256,135.62587500200607,billing
3,56,other_64,65.95004200062249,technical
3,57,other_64,66.10899999941466,technical
3,58,other_512,255.62849999550963,technical
3,59,other_64,65.77241700142622,technical
3,60,billing_512,255.60499999846797,technical
3,61,other_512,254.4889589989907,technical
3,62,billing_64,65.82195900409715,billing
3,63,technical_64,66.01812499866355,technical
3,64,billing_512,294.4520829987596,technical
3,65,technical_64,69.16883400117513,technical
3,66,billing_128,88.47254199645249,billing
3,67,technical_64,65.65250000130618,technical
3,68,other_128,86.98975000152132,other
3,69,technical_512,255.60391700128093,technical
3,70,billing_512,255.5351250048261,technical
3,71,technical_128,87.06545799941523,technical
3,72,technical_256,136.19099999777973,technical
3,73,technical_256,135.16358399647288,technical
3,74,billing_128,87.42583300045226,billing
3,75,other_512,259.9068330018781,technical
3,76,billing_256,134.73958300164668,billing
3,77,other_128,86.49900000455091,other
3,78,billing_128,86.07262499572244,billing
3,79,other_512,252.06508300470887,technical
3,80,technical_128,86.16379200248048,technical
3,81,other_256,134.8100830000476,billing
3,82,billing_128,87.60033299768111,billing
3,83,other_256,134.4916660018498,billing
3,84,technical_64,66.33391699870117,technical
3,85,other_128,87.18008399591781,other
3,86,billing_256,143.5136660002172,billing
3,87,other_128,90.37741599604487,other
3,88,billing_128,86.4127910026582,billing
3,89,technical_128,86.40387500054203,technical
3,90,other_64,65.3483749993029,technical
3,91,other_256,134.19662499654805,billing
3,92,other_64,65.31670899858,technical
3,93,technical_64,65.13566699868534,technical
3,94,billing_256,133.55837499693735,billing
3,95,other_64,65.3008749941364,technical
3,96,billing_256,134.88033300382085,billing
3,97,technical_512,255.61133400333347,technical
3,98,technical_64,65.21395799791208,technical
3,99,billing_64,65.02850000106264,billing
3,100,other_512,257.278958997631,technical
3,101,billing_512,256.61283299996285,technical
3,102,billing_256,134.2048330043326,billing
3,103,other_64,65.17891700059408,technical
3,104,technical_512,252.8067910025129,technical
3,105,billing_512,252.62891600141302,technical
3,106,other_128,86.32879100332502,other
3,107,billing_64,65.4056670027785,billing
3,108,technical_512,261.8971249976312,technical
3,109,billing_256,133.95541699719615,billing
3,110,other_512,252.75287499971455,technical
3,111,billing_64,65.33658300031675,billing
3,112,other_64,65.02487500256393,technical
3,113,other_256,133.37429099919973,billing
3,114,other_64,65.07120899914298,technical
3,115,billing_64,65.11562500236323,billing
3,116,other_128,86.29537499655271,other
3,117,technical_256,133.9109999971697,technical
3,118,billing_64,64.93695900280727,billing
3,119,billing_512,251.98566699691582,technical
3,120,other_256,133.4114160054014,billing
